,published_date,headline,url,summary,source,related
0,2024-10-31 ,"Apple Q4: Apple Intelligence And Services To Drive Future Growth, Upgrade To 'Buy'",https://finnhub.io/api/news?id=74b52f0aad3bc39b30e52ce0d81659e633a2c22f871be9d7cca0c84bf21211d1,"We predict Apple stock will rise with a new AI iPhone launch and service growth, upgrading to 'Buy' rating at $240 per share. Read more on AAPL stock here.",SeekingAlpha,AAPL
1,2024-10-31 ,Dow Jones Rallies On Surprise Jobs Report; Apple Slides On Earnings,https://finnhub.io/api/news?id=545ede2bcf4676603989e0b13bc144cb84b5c05eb79e96447ed08a20a8f7d534,Dow Jones Rallies On Surprise Jobs Report; Apple Slides On Earnings,DowJones,AAPL
2,2024-10-31 ,"AI Stocks: Tech Giants, Cloud Titans Face 'Show Me' Moment. Amazon Jumps, Apple Falls.",https://finnhub.io/api/news?id=6a86fd373ba2617df891294ff5910522c9b0667ab606e57a36d82ace48fd9dc0,"AI Stocks: Tech Giants, Cloud Titans Face 'Show Me' Moment. Amazon Jumps, Apple Falls.",DowJones,AAPL
3,2024-10-31 ,Apple: The World's Most Boring Way To Make Money,https://finnhub.io/api/news?id=612e5326c57388c3f7dbe7f55301503d065a31953684d7f398abc1e07661e212,"Apple's financial performance remains rock solid, and some think the stock's valuation appears inexpensive. Read more about AAPL stock's recent earnings.",SeekingAlpha,AAPL
4,2024-10-31 ,"Dow Jones Futures Rise; Amazon Jumps, Jobs Report Looms After Market Sell-Off",https://finnhub.io/api/news?id=589541c343a909baedf40ed59a1fc88fa2facb6c8b5b03400d9540cbae9fb70d,"Dow Jones Futures Rise; Amazon Jumps, Jobs Report Looms After Market Sell-Off",DowJones,AAPL
5,2024-10-31 ,Apple : FY 24 Fourth Quarter Results (Listen to the conference call webcast),https://finnhub.io/api/news?id=49e5a46cbf9ca1728829b2ac21e43497a2f88e8d6d728d3e15e9fea6f5058c18,Your browser does not support live streaming of the conference call. The dial-in numbers are: 216-0480 or 794-2150. Please enter...,Finnhub,AAPL
6,2024-10-31 ,"Nasdaq, S&P 500 sell off ahead of Amazon, Apple earnings",https://finnhub.io/api/news?id=fdab985ca8da754d909ca1f481978a3a3264619c328425e05104c6eb7bf49f18,"The tech-heavy Nasdaq Composite (^IXIC) closed Thursday over 2.7% lower, the S&P 500 (^GSPC) not too far behind with a session loss of 1.86%. Tech sector worries seem to have been revived coming off Meta Platforms (META) and Microsoft's (MSFT) latest earnings print and ahead of Amazon (AMZN) and Apple's (AAPL) results due out after the close. Yahoo Finance markets and data editor Jared Blikre joins Alexandra Canal and Josh Schafer on Market Domination Overtime to examine bond market trends (^TYX, ^TNX, ^FVX) and losses from Magnificent Seven tech leaders. To watch more expert insights and analysis on the latest market action, check out more Market Domination Overtime here. This post was written by Luke Carberry Mogan.",Yahoo,AAPL
7,2024-10-31 ,"Intel stock jumps on positive outlook, despite Q3 losses",https://finnhub.io/api/news?id=a492aac46a26d07c16571b30076baadbf254459c4b26913152a2ff757e241ac1,Shares of Intel jumped Thursday after the company said it anticipates better than expected revenue for Q4.,Yahoo,AAPL
8,2024-10-31 ,Peloton Soars To A New High Amid This Move To Get Fit,https://finnhub.io/api/news?id=507a1207c00e560d01c83d11340d7438c887b874ee00265c7f65ec8e291cf471,"Peloton raised profit guidance for the full year after beating revenue estimates for its fiscal first quarter.  The bike, treadmill and rowing machine maker also said it has appointed Peter Stern, a Ford executive and the co-founder of Apple Fitness+, to be its next CEO.  Stern takes the reins at Peloton on Jan. 1.",Yahoo,AAPL
9,2024-10-31 ,Apple Inc. (AAPL): Among The 10 Best S&P 500 Stocks to Buy According to Hedge Funds,https://finnhub.io/api/news?id=e1ccec67e88e294b86739139156cbeb8824916fb4b7033533e7374a6848d1fd7,"We recently compiled a list of the 10 Best S&P 500 Stocks to Buy According to Hedge Funds. In this article, we are going to take a look at where Apple Inc. (NASDAQ:AAPL) stands against other S&P 500 stocks. As per AXA Investment Managers, the US dominated financial markets this year. The investment firm believes that […]",Yahoo,AAPL
10,2024-10-31 ,Apple Inc. (AAPL) Q4 2024 Earnings Call Transcript,https://finnhub.io/api/news?id=4c06843e0cd5f54d6e4ac3646f9b9af871b0992731dca9fe6c1d2574bf16eee1,"Apple Inc. (NASDAQ:AAPL) Q4 2024 Earnings Conference Call October 31, 2024 5:00 PM ETCompany ParticipantsSuhasini Chandramouli - Director, Investor...",SeekingAlpha,AAPL
11,2024-10-31 ,Amazon Q3: Double Beat Makes Shares Jump,https://finnhub.io/api/news?id=7efe08fc36506548b55d8d947fcf453c6faf1c8fdede2a34807a3a7804fd279c,"Amazon.com, Inc.'s Q3 earnings beat expectations but showed weaker business growth compared to competitors. Click for my AMZN stock update.",SeekingAlpha,AAPL
12,2024-10-31 ,"Apple Earnings: Q4 Results Decent, But Questions Continue Into Q1 2025",https://finnhub.io/api/news?id=7ed7ae52f70f352951a11837ba2c92c4e2f017bbd4c1b51a0b7cf339ce75a5ea,Apple reported Q4 2024 results that slightly beat estimates and provide some relief at face value. Click here to read an analysis of AAPL stock now.,SeekingAlpha,AAPL
13,2024-10-31 ,What Wall Street Analysts Think of Apple's Stock Ahead of Earnings Thursday,https://finnhub.io/api/news?id=488382873c35ef515a4a9f7bd73bf11ddd686a9c40b31ceb4a1e4ba55f4bf902,"Apple will report fiscal fourth-quarter earnings after the market closes on Thursday, with a majority of analysts bullish on the stock going into the company’s first report since the iPhone 16’s release last month.",Yahoo,AAPL
14,2024-10-31 ,Apple : reports fourth quarter results Form 8 K,https://finnhub.io/api/news?id=3042ed778553e5637e8341082b2c1b12d8feb5da9a67c723101140be53567000,Apple reports fourth quarter results iPhone drives record September quarter revenue Services revenue reaches new all-time high ...,Finnhub,AAPL
15,2024-10-31 ,How To Earn $500 A Month From Apple Stock Ahead Of Quarterly Earnings,https://finnhub.io/api/news?id=2a3b292da1b778a86034ba9f14fb2aca222c96a0fe614d0b0689fb6ed0fd4724,"Apple Inc. (NASDAQ:AAPL) will release earnings results for its fourth quarter, after the closing bell on Thursday, Oct. 31. Wall Street expects Apple to report quarterly earnings at $1.6 per share, up from $1.36 per share in the year-ago period. The ...",Yahoo,AAPL
16,2024-10-31 ,Apple Earnings: What to Watch Out For,https://finnhub.io/api/news?id=578004c4e0d3ad89243ae811da9f419c638ea71dfe4f8fb59e32d6ad8594791c,"The largest of the Magnificent Seven tech stocks by market value, Apple reports its earnings after the close Thursday. The stock has been under some pressure of late, as investors await more clarity on sales of the new iPhone 16 smartphones.",Yahoo,AAPL
17,2024-10-31 ,What Wall Street Is Saying Ahead of Earnings,https://finnhub.io/api/news?id=6bca6acce7a7fda32845810040f706b0a1f219afed0cbc693c509bb8ce9e1dd5,"Analysts are mostly bullish about Apple stock, but there are some with concerns.  Bullish analysts share the sentiment that a big iPhone upgrade cycle is coming thanks to Apple Intelligence software updates.  Apple announced Apple Intelligence, its gen-AI software, in June.",Yahoo,AAPL
18,2024-10-31 ,Heard on the Street: Why Apple’s AI Fortunes Rely on Latest iPhones,https://finnhub.io/api/news?id=c3f76a9fbdf43361001b819a674a69d9cc40767ea030eebc8d79ced9fc5f9678,"As AI capabilities move from cloud services to smartphones and PCs, Apple has a natural advantage. But there is some question as to whether the latest crop of AI smartphones can really deliver powerful experiences.",Yahoo,AAPL
19,2024-10-31 ,Apple sells $46 billion worth of iPhones over the summer as AI helps end slump,https://finnhub.io/api/news?id=ada34733508b14668c2be1cfd3e0fa1746dfd183bea2e35e978cd84c43c3200d,"SAN FRANCISCO — Apple snapped out of a recent iPhone sales slump during its summer quarter, an early sign that its recent efforts to revive demand for its marquee product with an infusion of...",Finnhub,AAPL
20,2024-10-31 ,"Meta, Microsoft stocks tumble as Big Tech's AI splurge prompts investor caution",https://finnhub.io/api/news?id=0e99277e4ea3d5c0adcfde75f2133540c5106ccdb9362d09d86c2504bc9e03af,Meta and Microsoft stocks tumbled Thursday as investors weighed their hefty AI expenditures against the time it will take to generate a return on their investment.,Yahoo,AAPL
21,2024-10-31 ,"Apple's iPhone sales bounce back from recent slump amid AI expansion, but stock still dips",https://finnhub.io/api/news?id=bba200188c2078808ca02ef1db7895e65eb76bd01aaebdd206c181cbac07644c,"SAN FRANCISCO — Apple snapped out of a recent iPhone sales slump during its summertime quarter, an early sign that its recent efforts to revive demand for its marquee product with an infusion of...",Finnhub,AAPL
22,2024-10-31 ,Apple: Fiscal Q4 Earnings Snapshot,https://finnhub.io/api/news?id=a09d5da231985633a01f4c065ea6ca3020a45c52d4a4112ffda40b708fca2fef,"CUPERTINO, Calif. — CUPERTINO, Calif. — Apple Inc. on Thursday reported fiscal fourth-quarter earnings of $14.74 billion. The Cupertino, California-based company said it had net income of 97...",Finnhub,AAPL
23,2024-10-31 ,Apple reports fourth quarter results,https://finnhub.io/api/news?id=eb42428541a22ab0bc38907142dd3d7eeaca1a112892fae78ae0ba1067bfef93,iPhone drives record September quarter revenueServices revenue reaches new all-time high...,Finnhub,AAPL
24,2024-10-31 ,"Apple beats Wall Street estimates, supported by iPhone sales",https://finnhub.io/api/news?id=ead40b524553f33807addce97112663c89eaa64698f97a92e7fe7b381a4fa9d5,"Apple beat Wall Street sales and profit expectations on Thursday for its fiscal fourth quarter, bolstered by strong early sales of iPhone 16, a set of phones designed for new AI features that was...",Finnhub,AAPL
25,2024-10-31 ,"Apple Inc. (AAPL) Launches New Mac Mini with M4 and M4 Pro Chips, Promising Unmatched Performance in a Compact, Carbon-Neutral Design",https://finnhub.io/api/news?id=97290230f3c005067c8e5b3a2f3c35406cd903dd382c6dfbbc1fd2ce8bc929b9,"We recently compiled a list of the 15 AI News You Should Not Miss. In this article, we are going to take a look at where Apple Inc. (NASDAQ:AAPL) stands against the other AI stocks. According to a new report by Bloomberg Intelligence (BI), the generative AI market is set for rapid growth, projected to reach […]",Yahoo,AAPL
26,2024-10-31 ,"Apple, Amazon Earnings Preview: AI Capital Spending And iPhone Sales In Focus",https://finnhub.io/api/news?id=5e3735dd9a840584581b14baf9bfe4425a7402c4e1e416d796a026e45efe68d7,Revenue and profit beat by the majority of Mag 7 thus far has been the earnings season highlight. Capital expenditure on AI is proven to be a sticky point. AAPL and AMZN may be no different.,SeekingAlpha,AAPL
27,2024-10-31 ,Is Apple (NASDAQ:AAPL) A Risky Investment?,https://finnhub.io/api/news?id=5655bee593653bd9519cb5125a9b034756138fa4a63dc077cea792d7dd38d0d7,"Legendary fund manager Li Lu (who Charlie Munger backed) once said, 'The biggest investment risk is not the volatility...",Yahoo,AAPL
28,2024-10-31 ,Looking for new activities? Google wants you to turn to its navigation app,https://finnhub.io/api/news?id=d1b684be491087260e8b8f9c29bdf925fb75a4c472fdf62de31455722c84eb3a,Google is adding more generative AI features to popular navigation apps such as Google Maps and Waze.,Yahoo,AAPL
29,2024-10-31 ,The Dow falls 250 points and the Nasdaq sinks 340 as Microsoft and Meta lead a tech stock selloff,https://finnhub.io/api/news?id=0e9342e7de89042d34e6eee393e6d109087d684ed0afdca88422efbf37cbb950,"The Dow Jones Industrial Average fell more than 250 points Thursday morning, alongside sharp Nasdaq and S&P 500 declines, following weaker-than-expected earnings reports from Microsoft (MSFT) and Meta (META). Super Micro Computer (SMCI) stock continued to fall following the resignation of Ernst & Young, the company’s auditor.",Yahoo,AAPL
30,2024-10-31 ,Apple Stocks Open Slightly Lower Ahead of Earnings,https://finnhub.io/api/news?id=2f5c0b3db5fcf00ce96ce8b9fd414f28e3ac730085a22b9b7a2e0b6d623ad7b6,"Apple stock started Thursday lower after the stock market opened. Investors are awaiting the company’s earnings release, set to be released after the close. Shares of Apple were down 0.5% to $229.08. The tech-heavy Nasdaq Composite was off 1.",Yahoo,AAPL
31,2024-10-31 ,Apple Stock Could Hit a New High After Earnings If All Goes Well,https://finnhub.io/api/news?id=1c0d8dbab14f65244ef33f4a80ec8d48678ef0b1c7017e4ce2d925cf676d159c,"If Apple stock gets a boost from earnings, it could hit another all-time high.  Apple investors have been on quite a wild ride this year.  Wall Street was concerned that the company hadn’t yet shared any big generative artificial intelligence plans when most other companies had been touting their own.",Yahoo,AAPL
32,2024-10-31 ,Apple Has Had a Busy Week Coming Into Earnings,https://finnhub.io/api/news?id=c066831c4b1802e16e2da659ac7efbc0028c6cb9d6ca5611f3437ca4097b2821,"Apple investors have a ton of news to keep up with this week as the tech giant gears up to release its fourth-quarter results.  The iPhone maker officially made its generative artificial intelligence software, Apple Intelligence, available to people with devices that can run the update to kick off the week.  Apple also announced a new iMac computer that will be able to run the company’s generative artificial intelligence software through an M4 chip on Monday.",Yahoo,AAPL
33,2024-10-31 ,"Stocks Tumble, Nasdaq 100 Selloffs As Tech Giants Disappoint, Crypto Companies Plummet: What's Driving Markets Thursday?",https://finnhub.io/api/news?id=145ca9bead71a9bd772e3b55474b9ae742f18baf10b2c2ddd7c58d11c2dd16c9,Looking for stock market analysis and research with proves results? Zacks.com offers in-depth financial research with over 30years of proven results.,Benzinga,AAPL
34,2024-10-31 ,Apple options imply 3.5% move in share price post-earnings,https://finnhub.io/api/news?id=042047565e89ee6bc2dc3c27f142227fef83fbd8161feaf029c0d803d3f641be,Looking for stock market analysis and research with proves results? Zacks.com offers in-depth financial research with over 30years of proven results.,TipRanks,AAPL
35,2024-10-31 ,How Big Tech stocks from Asia and Europe are performing vs. Mag 7 this year,https://finnhub.io/api/news?id=034620c4a722f73d0eae62ff3f9b3cf734c95807582fe06e69d3995abb01e535,Looking for stock market analysis and research with proves results? Zacks.com offers in-depth financial research with over 30years of proven results.,Seeking Alpha,AAPL
36,2024-10-31 ,"Here Is Why Investors Do Not Like Good Earnings From Microsoft And Meta, Hotter Inflation Data",https://finnhub.io/api/news?id=c564ba7921cbb61810891a35c056fa250aeed81725e2958fb819d4bb1d745e8b,Looking for stock market analysis and research with proves results? Zacks.com offers in-depth financial research with over 30years of proven results.,Benzinga,AAPL
37,2024-10-31 ,"META, MSFT, and SMCI Sink the Nasdaq amid Tech Selloff",https://finnhub.io/api/news?id=180695a5ee136504cc3159c7f533a193d271632c9af726a52ea36b2a1bdd0ca9,Looking for stock market analysis and research with proves results? Zacks.com offers in-depth financial research with over 30years of proven results.,TipRanks,AAPL
38,2024-10-31 ,Apple or Amazon: Jefferies Picks the Superior Tech Stock to Buy Ahead of Earnings,https://finnhub.io/api/news?id=0cc7d93763e84b31c2d98395a6600b1c599e1e16c4811edc68fc63fd59e2c204,Looking for stock market analysis and research with proves results? Zacks.com offers in-depth financial research with over 30years of proven results.,TipRanks,AAPL
39,2024-10-31 ,What Wall Street is saying about Apple ahead of earnings,https://finnhub.io/api/news?id=cc8de2a92a8ad4af5d5532c3f4261f435c495e013537b59bcdd060c05853e1f0,Looking for stock market analysis and research with proves results? Zacks.com offers in-depth financial research with over 30years of proven results.,TipRanks,AAPL
40,2024-10-31 ,XLK: Google's Q3 Shows Why Investors Must Own Tech Stocks,https://finnhub.io/api/news?id=93e163e81e3d5662a020ab895b035ca4dca3f5cadd62ee4480aa2c1fd3193a95,The XLK has an outstanding long-term performance track record that has beaten the returns of the QQQs by 120%+ over the past decade. Read more here.,SeekingAlpha,AAPL
41,2024-10-31 ,S&P 500 Sees Monthly Decline Amid Disappointing Tech Earnings,https://finnhub.io/api/news?id=d74c719d566d1b327aaeb17bcf9ca3bf13f878e017ebc342fc850f47d8c89ad5,Looking for stock market analysis and research with proves results? Zacks.com offers in-depth financial research with over 30years of proven results.,GuruFocus,AAPL
42,2024-10-31 ,Apple's Shift to In-House Wi-Fi Chips by 2025,https://finnhub.io/api/news?id=c9b184bcf24110d13b330117ba19a5e62ec209d80b25e58d713a8e796e098bcd,Looking for stock market analysis and research with proves results? Zacks.com offers in-depth financial research with over 30years of proven results.,GuruFocus,AAPL
43,2024-10-31 ,"Trending tickers: Microsoft, Meta, Starbucks, Super Micro and Stellantis",https://finnhub.io/api/news?id=63074a7a60128864662ed094707ddef13aaf59e547a9e5191e3b2ec6925d58e2,The latest investor updates on stocks that are trending on Thursday.,Yahoo,AAPL
44,2024-10-31 ,Notable companies reporting after market close,https://finnhub.io/api/news?id=2dd6f9994a7ec83e44a03912842e63b7811b5718f64074d42bacc17a04829974,Looking for stock market analysis and research with proves results? Zacks.com offers in-depth financial research with over 30years of proven results.,TipRanks,AAPL
45,2024-10-31 ,Apple Sales Hit Quarterly Record as iPhone Business Rebounds,https://finnhub.io/api/news?id=6d32d94726d4b9a07afb807ab0388cf2102aafaf6db6ba55bab9cbab1670aab4,Apple Sales Hit Quarterly Record as iPhone Business Rebounds,DowJones,AAPL
46,2024-10-31 ,"U.S. Inflation Nears Fed Target, Employment Remains Stable",https://finnhub.io/api/news?id=0eece752f60b7327afd519242162e8e1c50da8bb3c8b7525aa21ad917b4a93a6,Looking for stock market analysis and research with proves results? Zacks.com offers in-depth financial research with over 30years of proven results.,GuruFocus,AAPL
47,2024-10-31 ,Major Tech Stocks Decline as Microsoft (MSFT) Predicts Slower Azure Growth,https://finnhub.io/api/news?id=81b125336e9451e544d7496be81cb491e8b4049efb42e410138d6a7b3b91bf3d,Looking for stock market analysis and research with proves results? Zacks.com offers in-depth financial research with over 30years of proven results.,GuruFocus,AAPL
48,2024-10-31 ,Interesting AAPL Put And Call Options For December 13th,https://finnhub.io/api/news?id=40250fd5c48123addc5bf514abca70ff25083a78fdd192beb8e83dd1efc023b0,Looking for stock market analysis and research with proves results? Zacks.com offers in-depth financial research with over 30years of proven results.,Stock Options Channel,AAPL
49,2024-10-31 ,Stock Market Today: Stocks slide on Mag 7 disappointment; Apple on deck,https://finnhub.io/api/news?id=8af417e865c22aea7e0ca9042b421c0b7afda5d1a6692e5a65fd393ea3139d05,"Jobs and inflation data, as well as earnings from Apple and Amazon, will keep Wall Street focused on the final trading day of October.",Yahoo,AAPL
50,2024-10-31 ,Apple: Looking At Arguments For A Strong Earnings Report,https://finnhub.io/api/news?id=ec35962e99389d1f836df6e07d0b54e90fc64f86a62fafc9161f40d3608b755e,"Apple aims to monetize Siri through an auction-based platform, potentially generating $3 billion annually by 2026 and $50 billion by 2036. Read more on AAPL stock here.",SeekingAlpha,AAPL
51,2024-10-31 ,"Nasdaq drops 2%, S&P, Dow fall as well after Meta, Microsoft results",https://finnhub.io/api/news?id=c0ede983732cbb5e9fb902bbfca0680508954a2a52886f78b7aac5e95740128a,Looking for stock market analysis and research with proves results? Zacks.com offers in-depth financial research with over 30years of proven results.,Seeking Alpha,AAPL
52,2024-10-31 ,Tech Giants' Stocks Dip Following Microsoft and Meta Earnings Reports,https://finnhub.io/api/news?id=5f9e3eb84386903eb4f962dfbe2a41043f1a260c48398f54b6f6a7dce113bfa3,Looking for stock market analysis and research with proves results? Zacks.com offers in-depth financial research with over 30years of proven results.,GuruFocus,AAPL
53,2024-10-31 ,US Election Impact: Potential $250 Billion at Stake for Major Companies,https://finnhub.io/api/news?id=79c8b6e94086f6ad20c7b18e64328ef0395fcf2dd61d1b40ec1bd58b68f32e22,Looking for stock market analysis and research with proves results? Zacks.com offers in-depth financial research with over 30years of proven results.,GuruFocus,AAPL
54,2024-10-31 ,"Apple, Amazon Take Spotlight in Mixed Week for Big Tech Earnings",https://finnhub.io/api/news?id=b10b29d7a2121a10d96b1e63b7fed4ae1740c882a4a376929b0084217155e0f2,"(Bloomberg) -- Whether this Big Tech earnings season turns out to be a success or disappointment will likely come down to results from Apple Inc. and Amazon.com Inc. later Thursday.Most Read from BloombergChicago Mayor Seeks Property Tax Hike, Breaking Campaign VowIs Denver’s Big Bet on E-Bikes Paying Off?NY Transit Agency Takes Next Step on Brooklyn-Queens Rail LinkThere Will Soon Be No Meatpackers Left in NYC’s Historic Meatpacking DistrictA South Korean City Plays Matchmaker to Tackle a Ferti",Yahoo,AAPL
55,2024-10-31 ,"China's rising display industry could hurt US national security, report warns",https://finnhub.io/api/news?id=250b069255b3ce00d48947ffc6b41ab1ccde17666b5052dd3f75705eb87e5a1d,"China's growing inroads in making electronic displays could create national security concerns for the United States by making it dependent on China for an essential component in military technologies,...",Finnhub,AAPL
56,2024-10-31 ,"C-Suite Buy of the Week: General American Investors, Inc. ($GAM)",https://finnhub.io/api/news?id=0de2d4ae0ca2b6378e1ea8391ba1a8aae8ebbaca7c4cfc13682a7661848f194e,Looking for stock market analysis and research with proves results? Zacks.com offers in-depth financial research with over 30years of proven results.,Benzinga,AAPL
57,2024-10-31 ,Microsoft and Meta Fail to Rally U.S. Markets Despite Beating Q1 Forecasts,https://finnhub.io/api/news?id=cf7224d9731d5dd7947de5941701acad4b9230232d3c19738ea2b74e6ee1c058,Looking for stock market analysis and research with proves results? Zacks.com offers in-depth financial research with over 30years of proven results.,GuruFocus,AAPL
58,2024-10-31 ,"These Stocks Are Moving the Most Today: Microsoft, Meta, Super Micro, Coinbase, Carvana, Robinhood, Root, and Apple",https://finnhub.io/api/news?id=db26dc43062d29f18e86eeee1b7d641520a4ab2f0c1eb9a6f1a2d03cf8098bf9,"Microsoft issues lower-than-expected second-quarter revenue guidance, while Meta Platforms expects rising infrastructure expenses next year. Apple and Amazon.com are scheduled to report earnings after the closing bell Thursday.",Yahoo,AAPL
59,2024-10-31 ,"Nasdaq, S&P, Dow fall after Meta, Microsoft results; inflation gauge comes in line",https://finnhub.io/api/news?id=9375ac8928b8e55e61b300b8f5d081bab1790fb6242a2e87117c52b079a89f30,Looking for stock market analysis and research with proves results? Zacks.com offers in-depth financial research with over 30years of proven results.,Seeking Alpha,AAPL
60,2024-10-31 ,Apple (AAPL) and Amazon (AMZN) Earnings to Impact Tech Stock Sentiment,https://finnhub.io/api/news?id=d106da6afe127cdade57cf2fcbc723da53e3398b8f69c8d8a2c4a869792e82c0,Looking for stock market analysis and research with proves results? Zacks.com offers in-depth financial research with over 30years of proven results.,GuruFocus,AAPL
61,2024-10-31 ,These Are the 3 Trillion-Dollar Stocks That Are in Warren Buffett's Portfolio,https://finnhub.io/api/news?id=63f3d5d1178ddc298b4af7ca70f9865ce81d5dd35d05205da51e53611f3122eb,These market leaders possess qualities that may make them a good fit for your portfolio.,Yahoo,AAPL
62,2024-10-31 ,"Stock index futures fall after Meta, Microsoft results; inflation gauge comes in line",https://finnhub.io/api/news?id=61b572388af5559ef67a4538d107dc463cca43cf02089e348e596dae41caf59e,Looking for stock market analysis and research with proves results? Zacks.com offers in-depth financial research with over 30years of proven results.,Seeking Alpha,AAPL
63,2024-10-31 ,"Options Volatility and Implied Earnings Moves Today, October 31, 2024",https://finnhub.io/api/news?id=a6cd5ec6504c3a134cbf2c7f68b1b061ae27bfd45578754719dd597a6a795514,Looking for stock market analysis and research with proves results? Zacks.com offers in-depth financial research with over 30years of proven results.,TipRanks,AAPL
64,2024-10-31 ,"Apple Beats September-Quarter Targets On iPhone, Services",https://finnhub.io/api/news?id=4347554cbcf4c5fcde1f01564b4cfc067985036fc98b8872e48badeea3a743fd,"Apple Beats September-Quarter Targets On iPhone, Services",DowJones,AAPL
65,2024-10-31 ,Apple Earnings Are Nearly Here. This Is the Big Thing to Watch Today.,https://finnhub.io/api/news?id=471d8a01c5a09c2fa6650f413ac4a27744b2bea8ab728349d52bc3c444164bfd,"Apple’s earnings day is finally here.  The iPhone maker is scheduled to report fourth-quarter results after the stock market closes today.  Analysts surveyed by FactSet expect Apple to report earnings of $1.60 a share, an increase from the $1.46 a share posted in the same period last year.",Yahoo,AAPL
66,2024-10-31 ,Stock Analysis: How To Find And Research The Best Stocks,https://finnhub.io/api/news?id=ddc637e2492b1c417b384c187d409c18e84f52c86a5a177661452c28b1367e12,Stock Analysis: How To Find And Research The Best Stocks,DowJones,AAPL
67,2024-10-31 ,Nasdaq Tumbles Over 100 Points Ahead Of Big Tech Earnings: Fear & Greed Index Remains In 'Greed' Zone,https://finnhub.io/api/news?id=208169c7fd58c0b72b0bb61c34c0432e7af379b2bd0b82664e6880596cca66fa,Looking for stock market analysis and research with proves results? Zacks.com offers in-depth financial research with over 30years of proven results.,Benzinga,AAPL
68,2024-10-31 ,"Stock index futures fall after Meta, Microsoft results; eyes on inflation gauge",https://finnhub.io/api/news?id=ffcece39a538c6121fec88cf208d663821cd116ea0f5b62a4c06ed077570a155,Looking for stock market analysis and research with proves results? Zacks.com offers in-depth financial research with over 30years of proven results.,Seeking Alpha,AAPL
69,2024-10-31 ,"Apple, Microsoft And 3 Stocks To Watch Heading Into Thursday",https://finnhub.io/api/news?id=d072c9815d3558f50c6c380cdb176ab762a1c77d68015a611f7c63be304841c2,Looking for stock market analysis and research with proves results? Zacks.com offers in-depth financial research with over 30years of proven results.,Benzinga,AAPL
70,2024-10-31 ,Meetion Launches the iKey C210 Dual-Mode Apple Keyboard and Mouse Set,https://finnhub.io/api/news?id=7fce55e3fa118f25849c0868bad7317bc9cab72e96d8b55c08bc92a2e7321285,Meetion is proud to present the release of the iKey C210 Dual-Mode Apple Keyboard and Mouse Set. The company is a world leader in high-tech office and gaming accessories. The iKey C210 set is elegant...,Finnhub,AAPL
71,2024-10-31 ,"Magnificent Seven Stocks: Nvidia Stock Slides As Meta, Microsoft Tumble On Earnings",https://finnhub.io/api/news?id=2a45ddb1b86803de01cd1eac905bc92e82ec6bc51ed2e3abd8722ec2f6bba1f0,"Magnificent Seven Stocks: Nvidia Stock Slides As Meta, Microsoft Tumble On Earnings",DowJones,AAPL
72,2024-10-31 ,China Economy Picks Up on Stimulus Push Ahead of US Election,https://finnhub.io/api/news?id=76bf3d240b2dfcf746ee2962768599d031be22f68af8411701360ff22abca147,"(Bloomberg) -- China’s economy showed signs of stabilizing after Beijing unleashed the boldest stimulus measures since the pandemic, although an upcoming US election injects uncertainty into the recovery.Most Read from BloombergChicago Mayor Seeks Property Tax Hike, Breaking Campaign VowIs Denver’s Big Bet on E-Bikes Paying Off?NY Transit Agency Takes Next Step on Brooklyn-Queens Rail LinkThere Will Soon Be No Meatpackers Left in NYC’s Historic Meatpacking DistrictA South Korean City Plays Match",Yahoo,AAPL
73,2024-10-31 ,STMicroelectronics Reports Q3 Earnings Decline Amid Market Challenges,https://finnhub.io/api/news?id=a737da0aa258d9b3284c8bca574fcff0b21ba18e51f47882ebda414ae931f2fe,Looking for stock market analysis and research with proves results? Zacks.com offers in-depth financial research with over 30years of proven results.,GuruFocus,AAPL
74,2024-10-31 ,Swiss National Bank Reports $6.55 Billion Q3 Profit Amid Gold and Forex Gains,https://finnhub.io/api/news?id=d8dc0bb27f8d21f336fa2aed995fd6228c33cb15f618f8f5d3e69aa86ad202fa,Looking for stock market analysis and research with proves results? Zacks.com offers in-depth financial research with over 30years of proven results.,GuruFocus,AAPL
75,2024-10-31 ,"Global Smartphone Shipments Surge 5% in Q3 2024, Led by Samsung and Apple (AAPL)",https://finnhub.io/api/news?id=bd0f91790ad21e26fbee5b5560eb676328d55f84e6138dd420e2c8b841adfd11,Looking for stock market analysis and research with proves results? Zacks.com offers in-depth financial research with over 30years of proven results.,GuruFocus,AAPL
76,2024-10-30 ,"Tesla Supplier STMicro Warns of Weaker Sales. ON Semi, Texas Instruments Stocks Fall.",https://finnhub.io/api/news?id=d3dac7a0ef95ec6817b0dd4fb3972a2aa592f6875b68958e6750213b35513d50,"Tesla Supplier STMicro Warns of Weaker Sales. ON Semi, Texas Instruments Stocks Fall.",MarketWatch,AAPL
77,2024-10-30 ,Apple is trying to sell loyal iPhone users on AI tools. Here's what Apple Intelligence can do,https://finnhub.io/api/news?id=f35767a802e62aeb286c538987768f76148eae7de7136e8c8d8e8234b5bb6c5c,Apple customers starting on Wednesday can go to Apple stores for sessions on Apple Intelligence — the company's suite of AI tools.,Yahoo,AAPL
78,2024-10-30 ,"Amazon and Apple earnings, PCE, mortgage rates: What to Watch",https://finnhub.io/api/news?id=febdce72f8888d368fc6048797b73f4ade82b83d1b67d9ade40968fcdda71293,"Amazon (AMZN) and Apple (AAPL) are next up to bat for the Magnificent Seven tech names, reporting their earnings on Thursday, October 31. Other notable companies releasing quarterly results include Mastercard (MA), Uber (UBER), Shell (SHEL), and Intel (INTC). The Personal Consumptions Expenditure (PCE) index — the Federal Reserve's preferred inflation gauge — is due out tomorrow morning. The weekly print on mortgage rates will also be published on Thursday. Rates have risen for the past four consecutive weeks. To watch more expert insights and analysis on the latest market action, check out more Asking for a Trend here. This post was written by Luke Carberry Mogan.",Yahoo,AAPL
79,2024-10-30 ,Mag 7 earnings underline the group's huge market influence,https://finnhub.io/api/news?id=ea76e3e38c82798208598957d1f9f37725dda55b53469597236bab184ea22402,"Alphabet (GOOG, GOOGL) delivered an earnings beat, sending the stock higher and fueling confidence in the “Magnificent Seven” group. With Microsoft (MSFT), Meta Platforms (META), Amazon (AMZN), and Apple (AAPL) set to report this week, Capital Fund Management head of macro strategy Christian Dery joins Market Domination Hosts Julie Hyman and Josh Lipton to discuss the impact of the Magnificent Seven on the broader market. “These companies have gotten so large that on earnings events…you're getting these swings in market cap on the order of $2 [billion] to $400 billion,” Dery says, highlighting Nvidia (NVDA) and its impact on the S&P 500 (^GSPC) specifically. The chipmaker doesn’t report earnings until Nov. 20. As the Magnificent Seven companies report earnings, capital spending will likely be closely watched by investors as Big Tech companies invest billions into artificial intelligence (AI) infrastructure without a definitive timeline on AI monetization. The strategist says, “The reality is that the existing incumbents have to build out this technology because they can't risk falling behind their competitors,” but “We haven't found the killer use case just yet, and the market is going to start to be more discerning in terms of [the] path to profitability scale. They're going to focus on CapEx and projections for CapEx.” For more on how Dery navigates investing in the Magnificent Seven, watch the video above. To watch more expert insights and analysis on the latest market action, check out more Market Domination here. This post was written by Naomi Buchanan.",Yahoo,AAPL
80,2024-10-30 ,Apple Unveils New MacBook Pro Fresh Off Launch of Apple Intelligence,https://finnhub.io/api/news?id=acb0253ea11bd7253a6820a64b1d37de626ccf8a4abf11b1c9bd0afde57c68fb,Apple’s week of product announcements leading up to its fiscal fourth-quarter earnings report continued Wednesday with the launch of an updated MacBook Pro laptop powered by its M4 family of chips.,Yahoo,AAPL
81,2024-10-30 ,Amazon/Apple Earnings Previews: Amazon Is A Little More Favored Here Than Apple,https://finnhub.io/api/news?id=273da89b4ee5b967513f186c592660e7d8573d3cb0b4c8f2e18c734e5df01bbf,"Amazon is expecting to grow EPS in â24 and â25 by 31% and 22% given current estimates, with the stock trading at 40x and 33x times those estimates",SeekingAlpha,AAPL
82,2024-10-30 ,Google Q3 Earnings Breakdown: Defending Search And Seeking New Growth Via AI,https://finnhub.io/api/news?id=694786a9db6e1e6b85152feca3cf502e27fc57e4e0194dc41d057002fb15edfd,Discover how Google's new AI features and diverse revenue streams are solidifying its market dominance in the tech industry. Click for my GOOG Q3 earnings update.,SeekingAlpha,AAPL
83,2024-10-30 ,Apple Launches New Macbook Pro Models With Powerful M4 Chips and Thunderbolt 5 Support,https://finnhub.io/api/news?id=7d7a9797c0b1550096c0b24a508253ce5730a8940515f3899b58ad32728a17e6,"Apple debuts new MacBook Pros with M4 chip family, promising enhanced AI capabilities and graphic performance.",Yahoo,AAPL
84,2024-10-30 ,"Apple is challenging hackers to break into the company’s servers: If you’re successful, you could earn up to $1 million",https://finnhub.io/api/news?id=4249c9ce43d93a2fd975365c03da80b0492f45d6734bc5b78d68159bc1985f5d,Apple is taking its server safety seriously.,Yahoo,AAPL
85,2024-10-30 ,"Apple Set to Reveal Record Quarterly Revenue, iPhone 16 Sales Surge in China",https://finnhub.io/api/news?id=f1389ee06f66dcd3a3171d1f508f3b93dc28ca18a1fb04dff06603c5c8104a1e,"Apple's Latest Earnings: iPhone 16 Sparks Revenue Boom, Eyes on AI Rollout",Yahoo,AAPL
86,2024-10-30 ,Yahoo Finance Week in Tech: It’s all about earnings and Apple,https://finnhub.io/api/news?id=5567d6fbec0f7fa65d77a3364a2d0eae247f018934839e2f958370e929cc0082,"In the latest edition of Yahoo Finance's Week in Tech, we're talking all things earnings. And Apple's Mac week includes new laptops, desktops, and chips.",Yahoo,AAPL
87,2024-10-30 ,This Week in AI: A preview of Disrupt 2024's stacked AI panels,https://finnhub.io/api/news?id=a44a0dea95b400d2092ea60b1fd70c2a0d3db22ca5eb6414f5e439500dc1b35c,"Hiya, folks, welcome to TechCrunch’s regular AI newsletter. If you want this in your inbox every Wednesday, sign up here. This week, the TechCrunch crew (including yours truly) is at TC's annual Disrupt conference in San Francisco. We've got a packed lineup of speakers from the AI industry, academia, and policy, so in lieu of my usual op-ed I thought I'd preview some of the great content headed your way. My colleague Devin Coldewey will be interviewing Perplexity CEO Aravind Srinivas onstage. Th",Yahoo,AAPL
88,2024-10-30 ,Apple upgrades MacBook Pro with M4 chips,https://finnhub.io/api/news?id=e5e4b9b21bd2c21ec2572abe2e0b9dee0fea96a6571980ed795d6a72e6a45de0,"Apple on Wednesday wrapped up Macweek (well, Mac half week) by introducing an updated MacBook Pro. Apple’s most premium laptop is catching up to is brethren with the addition of M4 chips. The Pro and Mini are the first two Macs getting the new chip. The Pro will also be the first to sport the just-announced M4 Max as an upgradeable option. The new Pros will arrive with 14- and 16-inch Liquid Retina XDR displays that peak at 1,000 nits of brightness. Both sizes ship with the M4, M4 Pro, and M4 Ma",Yahoo,AAPL
89,2024-10-30 ,Google's Q3 Results Prove YouTube Could Be Worth $750 Billion By 2027,https://finnhub.io/api/news?id=02246fc574522a76dee7454c926edda71d5dcfdffc7c2b9a2643aba036005ce1,"Google reported strong Q3 earnings, with impressive results in Search, Cloud, and YouTube. Learn why GOOG stock is rated a Buy amid growth potential.",SeekingAlpha,AAPL
90,2024-10-30 ,Apple's Q4 Earnings: Will Steady Services Offset Sluggish Mac Sales?,https://finnhub.io/api/news?id=cce49edf8ac25652c289932b1fb02f828f4de0a273d0afe9d8431a253e21ec19,"AAPL's fourth-quarter fiscal 2024 results are expected to reflect the negative impacts of a sluggish PC market, offset by steady growth in Services revenues.",Yahoo,AAPL
91,2024-10-30 ,Apple Unveils MacBook Pro With M4 Chip in Upgrade Frenzy,https://finnhub.io/api/news?id=531b9e13f133cd1be541f028e8bfa0691eccade6c6b88c81b92357d6f0f796fb,"(Bloomberg) -- Apple Inc. unveiled an updated MacBook Pro lineup with new M4 chips, looking to entice shoppers with speedier processing and AI capabilities. Most Read from BloombergIs Denver’s Big Bet on E-Bikes Paying Off?NY Transit Agency Takes Next Step on Brooklyn-Queens Rail LinkChicago Mayor Seeks Property Tax Hike, Breaking Campaign VowThere Will Soon Be No Meatpackers Left in NYC’s Historic Meatpacking DistrictA South Korean City Plays Matchmaker to Tackle a Fertility CrisisThe laptops w",Yahoo,AAPL
92,2024-10-30 ,Why investors should buy the Mag 7 'right now',https://finnhub.io/api/news?id=6d96bd492bf545a366375ade24b66de976c2bda7097ef223b547424c43aea721,"Attention is turning to Microsoft (MSFT) and Meta Platforms (META) as the next members of the ""Magnificent Seven"" tech companies set to report their third quarter earnings. To discuss the outlook for these industry leaders, Howard Capital Management CEO and chief investment officer Vance Howard joins Wealth! Howard believes investors should be adding to all of the ""Magnificent Seven"" names, calling them ""the most interesting part of the market,"" even including Tesla (TSLA), despite its recent stumbles. ""Everybody worries about these 'Magnificent Seven', but they are leading this market higher and creating some of the most interesting and dynamic products and services,"" Howard states. He adds that these tech giants are ""making money hand over fist."" Regarding the transformative impact of artificial intelligence on these names, Howard drew an analogy to golf, saying that if we were on an 18-hole course, AI would still be ""on the very first hole."" While acknowledging there is still substantial work to be done in the AI space, Howard remains ""incredibly bullish"" on its long-term potential. To watch more expert insights and analysis on the latest market action, check out more Wealth here. This post was written by Angel Smith",Yahoo,AAPL
93,2024-10-30 ,Phunware Needs To Reignite Growth At All Costs,https://finnhub.io/api/news?id=79408c4a766d90c98d35dd726df3a2acb2e4c707b35fce08e3d43246f4f2c4e0,Phunware is working to reignite growth with a GenAI feature planned for mid-2025. See why PHUN stock could be worth watching amid recent challenges.,SeekingAlpha,AAPL
94,2024-10-30 ,What Lies in Store for Apple ETFs This Earnings Season?,https://finnhub.io/api/news?id=7e886ca9f69cd00d62f6ad4e3721c4320b6ab6bec28d8090fdf1fccd46a019be,Apple stock is hovering around a new high on improving demand for its latest iPhone 16.,Yahoo,AAPL
95,2024-10-30 ,"Apple launches new, more powerful versions of MacBook Pro",https://finnhub.io/api/news?id=e6c1e7b6e2c6d1ed19f4dd0b9ef7c560313dd575a86c33fbe04a8513095dd5bf,"The new line of MacBook Pro laptops will start at $1,599 for the 14-inch variant, with the higher-end versions sporting more powerful M4 Pro and M4 Max processors.  Customers have been looking to upgrade to personal computers with more powerful chips to ensure their systems can process artificial intelligence tools.  Apple Intelligence can be accessed in most regions worldwide when the device and Siri language are set to U.S. English, with a free software update available starting Wednesday for Macs with M1 chips or later.",Yahoo,AAPL
96,2024-10-30 ,Apple unveils new MacBook Pros and high-powered M4 Max chip as AI takes center stage,https://finnhub.io/api/news?id=ff859307f56d98b4acd6ebe0251ae890c7fd329f59f746803fbdab994e15b3db,"Apple revealed its updated MacBook Pro lineup on Wednesday complete with its a new, more powerful M4 Max chip.",Yahoo,AAPL
97,2024-10-30 ,Apple introduces M4 Pro and M4 Max,https://finnhub.io/api/news?id=a866b8b83223dd33920b26e4ab4d57516a348852b2c0e858b421cbbf50ea2c57,"CUPERTINO, Calif., October 30, 2024--Apple® today announced M4 Pro and M4 Max, two new chips that — along with M4 — bring far more power-efficient performance and advanced capabilities to the Mac®. All three chips are built using industry-leading, second-generation 3-nanometer technology, which improves performance and power efficiency. The CPUs across the M4 family feature the world’s fastest CPU core, delivering the industry’s best single-threaded performance, and dramatically faster multithre",Yahoo,AAPL
98,2024-10-30 ,Apple’s new MacBook Pro features the incredibly powerful M4 family of chips and ushers in a new era with Apple Intelligence,https://finnhub.io/api/news?id=e510af1c9b1eb69786d3baa2c8ce3163771c764e0590e86d6e80e46febe2a61f,"CUPERTINO, Calif., October 30, 2024--Apple® today unveiled the new MacBook Pro®, powered by the M4 family of chips — M4, M4 Pro, and M4 Max — delivering much faster performance and enhanced capabilities. The new MacBook Pro is built for Apple Intelligence™, the personal intelligence system that transforms how users work, communicate, and express themselves, while protecting their privacy. Now available in space black and silver finishes, the 14-inch MacBook Pro includes the blazing-fast performa",Yahoo,AAPL
99,2024-10-30 ,10 Information Technology Stocks With Whale Alerts In Today's Session,https://finnhub.io/api/news?id=3da7237d951f878e8cd6ee91e19722c087c7277685c8151c0361e607c82081af,Looking for stock market analysis and research with proves results? Zacks.com offers in-depth financial research with over 30years of proven results.,Benzinga,AAPL
100,2024-10-30 ,Apple (AAPL) Unveils New MacBook Pro with M4 Chip,https://finnhub.io/api/news?id=20de74cb3e958a3313dc98608b5f2750cffedf43a9e186879d29db3f2d91848e,Looking for stock market analysis and research with proves results? Zacks.com offers in-depth financial research with over 30years of proven results.,GuruFocus,AAPL
101,2024-10-30 ,Apple Intelligence And Iron Man,https://finnhub.io/api/news?id=efe410eae1e9a43e9288d76e9e26366c2a529c0e252ed10fbbe4b400dc88380d,Looking for stock market analysis and research with proves results? Zacks.com offers in-depth financial research with over 30years of proven results.,TalkMarkets,AAPL
102,2024-10-30 ,"Alphabet, AMD report Q3 earnings beats: Morning Buzz",https://finnhub.io/api/news?id=bde27a5fba2eaf2eb1b747f9f0f8963b159c7d3fb4b1d11e940d0482880e7ee9,Looking for stock market analysis and research with proves results? Zacks.com offers in-depth financial research with over 30years of proven results.,TipRanks,AAPL
103,2024-10-30 ,Apple (NASDAQ:AAPL) Unveils New MacBook Laptops with AI Capabilities,https://finnhub.io/api/news?id=30e008c254bea478494562794298c4c642a6f2d22427435c0bbe5d0151a970f3,Looking for stock market analysis and research with proves results? Zacks.com offers in-depth financial research with over 30years of proven results.,TipRanks,AAPL
104,2024-10-30 ,Apple Intelligence is here. Early users are underwhelmed,https://finnhub.io/api/news?id=4dc8eb20c59ae15e5bd5106fd62bf7a71684a662ee9e73bb4600ee3ba1d417a4,"Michael Hunter, an Atlanta-based real estate marketing professional and Apple (AAPL) power user, has watched Apple’s new Apple Intelligence features evolve from promising to problematic. After a month with iOS 18.1's early release through his developer account, Hunter was impressed by the system’s enhanced Siri capabilities and responsiveness.",Yahoo,AAPL
105,2024-10-30 ,Apple Reports After the Close on 10/31 -- Options Contracts Expire the Next Day,https://finnhub.io/api/news?id=ddaf9bda8c94106d0fccbdb90fc303d3280697fda86ec40fb478ef898cd6fa31,Looking for stock market analysis and research with proves results? Zacks.com offers in-depth financial research with over 30years of proven results.,Stock Options Channel,AAPL
106,2024-10-30 ,"Apple launches new, more powerful versions of the MacBook Pro",https://finnhub.io/api/news?id=81e83199ff4624d17414c39246cef51abfb54e6ff4c24ee585dcef26eb2ccfa3,"Apple launched new versions of the MacBook Pro as the company looks to drum up sales of the line of laptops leaning in to demand from professional users who seek more powerful chips for photo, video...",Finnhub,AAPL
107,2024-10-30 ,Apple (AAPL) Expands Global Reach of Apple Vision Pro Amid Market Challenges,https://finnhub.io/api/news?id=ed91814e5cd114de196b360b3c2a000e50b65421a456910cd67ccfb1bedc1811,Looking for stock market analysis and research with proves results? Zacks.com offers in-depth financial research with over 30years of proven results.,GuruFocus,AAPL
108,2024-10-30 ,"India's Smartphone Market Sees Record Q3 Growth, Vivo Leads with 19.4% Share",https://finnhub.io/api/news?id=9101c53f95718d314f3f4bbb08ac3395aa07db457efa54c31f6326e69ae3e4ff,Looking for stock market analysis and research with proves results? Zacks.com offers in-depth financial research with over 30years of proven results.,GuruFocus,AAPL
109,2024-10-30 ,Apple Unveils New MacBook Pro Models with Enhanced M4 Chips,https://finnhub.io/api/news?id=61ea7ed58e21a7a7c38b2ed6316bb9f7a29e46b363cb6e8cc71037333965c4f3,Looking for stock market analysis and research with proves results? Zacks.com offers in-depth financial research with over 30years of proven results.,GuruFocus,AAPL
110,2024-10-30 ,CD Projekt’s ‘Cyberpunk 2077’ coming to Mac ‘early next year’,https://finnhub.io/api/news?id=1d5284f7fb6af0dea2884cc81697ce58b4c4410f7ba1065c37f451963bcdf185,Looking for stock market analysis and research with proves results? Zacks.com offers in-depth financial research with over 30years of proven results.,TipRanks,AAPL
111,2024-10-30 ,CD Projekt's 'Cyberpunk 2077' coming to Mac 'early next year',https://finnhub.io/api/news?id=54a477befcc69d1563903bf9441bed64f76c5a452d1a97e0d5d1604fbda160a8,Looking for stock market analysis and research with proves results? Zacks.com offers in-depth financial research with over 30years of proven results.,Thefly.com,AAPL
112,2024-10-30 ,Alphabet's Earnings Rally Pushes Magnificent 7 Market Cap To Record $16.8 Trillion: 10 Tech-Heavy ETFs Moving Wednesday,https://finnhub.io/api/news?id=b5b25df22a81266ba04f1858f3824df96a5745988a438a759f27245764055fdc,Looking for stock market analysis and research with proves results? Zacks.com offers in-depth financial research with over 30years of proven results.,Benzinga,AAPL
113,2024-10-30 ,An Obscure Stock Sends A Warning To Apple - And The Stock Market,https://finnhub.io/api/news?id=8a085693b18d634723ecb167dfc40bf701f035f7b0d5800045e2d67088d4d263,Looking for stock market analysis and research with proves results? Zacks.com offers in-depth financial research with over 30years of proven results.,Benzinga,AAPL
114,2024-10-30 ,"Trending tickers: Alphabet, AMD, Microsoft, Reddit and Snap",https://finnhub.io/api/news?id=6eadbef6fc2e22fbddcc40ef28f04154b998f11d4209cbdae8222ddaffdcca72,The latest investor updates on stocks that are trending on Wednesday.,Yahoo,AAPL
115,2024-10-30 ,Baltic Dry Index Declines Amid Market Fluctuations,https://finnhub.io/api/news?id=4af17266637a09a7bd445b37af725984a5ec1fdd457dbfb983ff3b3db2808153,Looking for stock market analysis and research with proves results? Zacks.com offers in-depth financial research with over 30years of proven results.,GuruFocus,AAPL
116,2024-10-30 ,Apple unveils new MacBook Pro powered by M4 family of chips,https://finnhub.io/api/news?id=5d5d363f7f724ae9578a450b0883eaeeca0880a3a3652c0ee58ab9a500b43ea3,Looking for stock market analysis and research with proves results? Zacks.com offers in-depth financial research with over 30years of proven results.,TipRanks,AAPL
117,2024-10-30 ,"Apple announces M4 Pro, M4 Max chips",https://finnhub.io/api/news?id=0e74b9a50810eaef9af2850c05055b69c832513425999edd340f6d80c8472e0e,Looking for stock market analysis and research with proves results? Zacks.com offers in-depth financial research with over 30years of proven results.,TipRanks,AAPL
118,2024-10-30 ,S&P 500: Mean Reversion Always Wins In The End,https://finnhub.io/api/news?id=ffa308a1dcc564ae4ddc21745ea22ea48e0e80240705cf23e24d3cf181c0fe7d,A market correction looms as the bond market sends caution signals. Read here for details.,SeekingAlpha,AAPL
119,2024-10-30 ,Why this bull market feels 'weird': Morning Brief,https://finnhub.io/api/news?id=62596b84bf3c92cb2ff5d57b4c06f3f9136e6ad1d16ea4ec001308d6c290260e,The economy is making a soft landing and the bull market is flying high as the Nasdaq hits record heights. But the mood is...off.,Yahoo,AAPL
120,2024-10-30 ,"The Zacks Analyst Blog Apple, Novo Nordisk, RTX and FONAR",https://finnhub.io/api/news?id=990c109cce06c87c9d6b15c29ff86cea5e338c6eec3153c61bd3fe8128ba615b,"Apple, Novo Nordisk, RTX and FONAR are included in this Analyst Blog.",Yahoo,AAPL
121,2024-10-30 ,TSMC Just Scored a Big Win: Time to Buy the AI Stock?,https://finnhub.io/api/news?id=33dd0f6a04eef4250cc478ddfdc6f31917eb51d81790b2c864934881bc088141,Its new Arizona plant just posted an impressive result.,Yahoo,AAPL
122,2024-10-30 ,"What's Going On With Chip Stocks Nvidia, Broadcom, Taiwan Semi, Micron And Others Wednesday?",https://finnhub.io/api/news?id=31f457da26e027ebd0882ce68966fa6d0976b952a2983c14ece1a422f1e9e5d8,Looking for stock market analysis and research with proves results? Zacks.com offers in-depth financial research with over 30years of proven results.,Benzinga,AAPL
123,2024-10-30 ,World Bank Forecasts Commodity Prices to Hit Five-Year Low by 2025,https://finnhub.io/api/news?id=18b92a8161e949980011ebfff0540716b76558a346b8af093c1e791618bc4ddb,Looking for stock market analysis and research with proves results? Zacks.com offers in-depth financial research with over 30years of proven results.,GuruFocus,AAPL
124,2024-10-30 ,Alphabet (GOOGL) Surpasses Earnings Expectations Amid Rising Election Concerns,https://finnhub.io/api/news?id=2c118d09160dc715d3c7de12824cab98c3fc7cb1b7802cd4b012cd54a407f5de,Looking for stock market analysis and research with proves results? Zacks.com offers in-depth financial research with over 30years of proven results.,GuruFocus,AAPL
125,2024-10-30 ,"Nasdaq 100 & S&P 500 Elliott Wave Update - Wednesday, Oct 30",https://finnhub.io/api/news?id=a5b282ff1224a6476accf2153de41b12b15b7716ba96c27a4f054e205debb071,Looking for stock market analysis and research with proves results? Zacks.com offers in-depth financial research with over 30years of proven results.,TalkMarkets,AAPL
126,2024-10-30 ,Markets Give Back Gains As Hovering Continues,https://finnhub.io/api/news?id=c8fcc1344b8b7f34874717b0762738ba673aeb3debbe7a1aac0e1d97ad88696e,Looking for stock market analysis and research with proves results? Zacks.com offers in-depth financial research with over 30years of proven results.,TalkMarkets,AAPL
127,2024-10-30 ,Tech Flexes Earnings Power: A Closer Look,https://finnhub.io/api/news?id=679b718980f65eb597e62320c9f9f95f7ed2bfafa9f76eee18cdcbd5681c304a,Looking for stock market analysis and research with proves results? Zacks.com offers in-depth financial research with over 30years of proven results.,TalkMarkets,AAPL
128,2024-10-30 ,Qorvo earnings expose risks in global smartphone market,https://finnhub.io/api/news?id=c35a242424346562290662261f7017495adbf03207812f2c7f154a476e10afd1,Looking for stock market analysis and research with proves results? Zacks.com offers in-depth financial research with over 30years of proven results.,Seeking Alpha,AAPL
129,2024-10-30 ,"Alphabet upgraded, Boeing downgraded: Wall Street’s top analyst calls",https://finnhub.io/api/news?id=c909890aac146943df1010ce1ddf0a5456cdf205f07a0f2ee652c3006a082106,Looking for stock market analysis and research with proves results? Zacks.com offers in-depth financial research with over 30years of proven results.,TipRanks,AAPL
130,2024-10-30 ,"Alphabet upgraded, Boeing downgraded: Wall Street's top analyst calls",https://finnhub.io/api/news?id=c5f5e55aa5373730818d034a05e9b99831b81f52eeef54133e956e986e709622,Looking for stock market analysis and research with proves results? Zacks.com offers in-depth financial research with over 30years of proven results.,Thefly.com,AAPL
131,2024-10-30 ,"‘Cash Out Ahead of Earnings,’ Says Tim Long About Apple Stock",https://finnhub.io/api/news?id=4e92399e31f2a5931458d44888805e2b9cbf500e6028e004ebd93e7ee9822f12,Looking for stock market analysis and research with proves results? Zacks.com offers in-depth financial research with over 30years of proven results.,TipRanks,AAPL
132,2024-10-30 ,Google's Strong Q3 Earnings: What It Means For Your Portfolio Strategy,https://finnhub.io/api/news?id=96f77830e3ca20c3c1f5422f345ac53561a7da37484e9e94aa5105264e3b3625,"Google has shown strong Q3 2024 earnings results, announcing EPS of $2.12, up 37% vs. the same quarter of the previous year. Find out why GOOG stock is a Strong Buy.",SeekingAlpha,AAPL
133,2024-10-30 ,"Market Reacts to Possible Harris Win with Uncertainty, Analysts Warn",https://finnhub.io/api/news?id=453fca9cfde536b78f98ec52bd4932c4c782eb1dc6c9add8c7a95587e7cdbd82,Looking for stock market analysis and research with proves results? Zacks.com offers in-depth financial research with over 30years of proven results.,GuruFocus,AAPL
134,2024-10-30 ,Strong ADP Data and GDP Growth Impact Market Sentiments,https://finnhub.io/api/news?id=b5477f87d0d190326bf6d538b2850f2426c5a193353ccae419622d791948d09a,Looking for stock market analysis and research with proves results? Zacks.com offers in-depth financial research with over 30years of proven results.,GuruFocus,AAPL
135,2024-10-30 ,Google Gets No Respect From Wall Street: Still The Best Buy In Tech,https://finnhub.io/api/news?id=b71743c3cccbbd5c494c0582b7eaaf21dc3b085d14f019e403766c0aa9e07b0f,Google trades for a lower P/E than the market but has superior and long-lasting earnings growth. Learn why GOOG stock is a Buy.,SeekingAlpha,AAPL
136,2024-10-30 ,Morning Brew: Alphabet Shines with Strong Q3 Earnings Amid Mixed Economic Data,https://finnhub.io/api/news?id=911e84bfe52ae932fda388989cade9f0b7c161f650e53844a4748b4ff61f6481,Looking for stock market analysis and research with proves results? Zacks.com offers in-depth financial research with over 30years of proven results.,GuruFocus,AAPL
137,2024-10-30 ,Election Effect: How Presidential Votes Shape Stock Markets Long And Short Term,https://finnhub.io/api/news?id=89c7cfbfdc6920ccb81d30d1016b4302b6d9bfa96002bf47c2e985cdd8922ace,Looking for stock market analysis and research with proves results? Zacks.com offers in-depth financial research with over 30years of proven results.,TalkMarkets,AAPL
138,2024-10-30 ,Here's What Wall St. Experts Are Saying About These Media Names Ahead Of Results,https://finnhub.io/api/news?id=b6d2f3ef1d510a6d44bee746df4c74aa0f183e5ea26b00465f63936bde58808b,Looking for stock market analysis and research with proves results? Zacks.com offers in-depth financial research with over 30years of proven results.,TalkMarkets,AAPL
139,2024-10-30 ,Apple (AAPL) Q4 Earnings Preview: Here’s What to Expect,https://finnhub.io/api/news?id=393ba126fe30f6e5edcd96a568ceb73d0d4d5d637cf326ab30eb7557d518257e,Looking for stock market analysis and research with proves results? Zacks.com offers in-depth financial research with over 30years of proven results.,TipRanks,AAPL
140,2024-10-30 ,"US Stocks Likely To Open Higher As Investors Eye GDP Print, Strong Alphabet Results To Kick Off 'Mag 7' Earnings Week: Strategist Flags November As 'Best Month Of The Year' For Markets",https://finnhub.io/api/news?id=193442813ab4091a4dca842f332e6c367680167c7dae74315bdb57f32c1e5c0b,Looking for stock market analysis and research with proves results? Zacks.com offers in-depth financial research with over 30years of proven results.,Benzinga,AAPL
141,2024-10-30 ,"AI, Data Centers And Energy Demand",https://finnhub.io/api/news?id=32fa5d2c3d16ad5da4403238f1efe7686005e3ced3e10f331d0c0f7d2799b9e3,"Why Jennifer Warren has been focusing onÂ AI, data centers and energy demand. Click here for a detailed analysis.",SeekingAlpha,AAPL
142,2024-10-30 ,Goldman Sachs Warns of Bearish Risks for European Natural Gas Prices,https://finnhub.io/api/news?id=5204564c70d0082cfb9275a071ebd5417020328dff60df69aec8ed9324a4195c,Looking for stock market analysis and research with proves results? Zacks.com offers in-depth financial research with over 30years of proven results.,GuruFocus,AAPL
143,2024-10-30 ,"Apple shipped $6B of iPhones from India in 6M through Sept., Bloomberg says",https://finnhub.io/api/news?id=a6f4631606f5b5be625e6322f0944fa83bf429a6ee94c2506c75b21f7f1dd600,Looking for stock market analysis and research with proves results? Zacks.com offers in-depth financial research with over 30years of proven results.,TipRanks,AAPL
144,2024-10-30 ,Iran lifts its ban on imports of new iPhone models in place since last year,https://finnhub.io/api/news?id=d12f0f2f2a61f39bd14ab2161d34f26344d4f1c3cbc12dce6b9e8e3a0ed7cf8a,"TEHRAN, Iran — Iranians will soon be able to get their hands on iPhones 14, 15 and 16 after authorities lifted a ban on new smartphone models by the U.S. tech giant Apple, according to an...",Finnhub,AAPL
145,2024-10-30 ,Global Gold Demand Surges to Record High Amid Geopolitical Risks,https://finnhub.io/api/news?id=cae17ab0cb0482a32b375edd5742ccf9fe690fc0ff709aa2b39e8c3baa805394,Looking for stock market analysis and research with proves results? Zacks.com offers in-depth financial research with over 30years of proven results.,GuruFocus,AAPL
146,2024-10-30 ,Mega Tech Will Shape The Earnings Season And U.S. Markets When They Report This Week,https://finnhub.io/api/news?id=948f18fe58d70f4ec79d4276929b5bb1604c1f06c9ffc32012435e97cbabc0e0,"Q3 S&P 500 EPS growth expected to come in at 3.6%, the fifth consecutive quarter of growth.",SeekingAlpha,AAPL
147,2024-10-30 ,What You Missed On Wall Street On Wednesday,https://finnhub.io/api/news?id=8033059df1d9f4b0196411336e31f955d15eaa22cdcec2eee6f6d49cf23288b9,Looking for stock market analysis and research with proves results? Zacks.com offers in-depth financial research with over 30years of proven results.,Thefly.com,AAPL
148,2024-10-30 ,Gold Hits Record High Amid Strong Employment Data and Rate Cut Expectations,https://finnhub.io/api/news?id=ee77681a60dfcc822a3f1f06cfb55403cf6de9048329246a3d05e33b2ae7e318,Looking for stock market analysis and research with proves results? Zacks.com offers in-depth financial research with over 30years of proven results.,GuruFocus,AAPL
149,2024-10-30 ,JPMorgan Chase & Co's Strategic Acquisition of Sky Quarry Inc Shares,https://finnhub.io/api/news?id=cb4948d65d8f2a1166a4bc0408b0e8ca6a0d12a25da4a41d42a29fe5135a2930,Looking for stock market analysis and research with proves results? Zacks.com offers in-depth financial research with over 30years of proven results.,GuruFocus,AAPL
150,2024-10-30 ,PayPal Q3: Strong Quarter With Big Partnerships,https://finnhub.io/api/news?id=4793e6ab1f848d60cfa7f1aa255b5d24445de68d9b4476fa6d4c9dc6e95332a4,"PayPal's stock surged 37.56% due to new leadership, strategic partnerships, and strong earnings beat, enhancing market position and growth prospects. See more.",SeekingAlpha,AAPL
151,2024-10-29 ,ChatGPT: Everything you need to know about the AI-powered chatbot,https://finnhub.io/api/news?id=8af2439aa1b8f002128762fa3fbf6adb7348ffd5a4ba58cde9d59dbe4f71d5d4,"ChatGPT, OpenAI’s text-generating AI chatbot, has taken the world by storm since its launch in November 2022. What started as a tool to hyper-charge productivity through writing essays and code with short text prompts has evolved into a behemoth used by more than 92% of Fortune 500 companies. That growth has propelled OpenAI itself into becoming one of the most-hyped companies in recent memory. And its latest partnership with Apple for its upcoming generative AI offering, Apple Intelligence, has",Yahoo,AAPL
152,2024-10-29 ,How Kamala Harris is trying to use Elon Musk against Donald Trump,https://finnhub.io/api/news?id=0b110229750eecfcf85d4838eaf1daf8329ebebefd6c59a292c055f2a7d8ecc4,Donald Trump's closeness to the world's richest man could be used against him. At least that's what the top super-PAC supporting Kamala Harris thinks.,Yahoo,AAPL
153,2024-10-29 ,"Top Research Reports for Apple, Novo Nordisk & RTX",https://finnhub.io/api/news?id=a1e158bffb3bfa4f8a63e2a866d47380944712c517f254a3b400a9663691f069,"Today's Research Daily features new research reports on 16 major stocks, including Apple Inc. (AAPL), Novo Nordisk A/S (NVO) and RTX Corporation (RTX), as well as a micro-cap stock FONAR Corporation (FONR).",Yahoo,AAPL
154,2024-10-29 ,Sector Update: Tech Stocks Gain Late Afternoon,https://finnhub.io/api/news?id=d78fa23eede43dc3b1eed471852be08e29b5303e2c826ead582386375e0aad27,Sector Update: Tech Stocks Gain Late Afternoon,Yahoo,AAPL
155,2024-10-29 ,Apple Intelligence is more about convenience with initial iOS 18.1 launch,https://finnhub.io/api/news?id=81897f79d727511f8de1e94714561b9da1815026e450a9927562923101190804,"After much hype, Apple Intelligence, the company's suite of AI features, finally shipped to users this week with the iOS 18.1 update. I used these features for months through beta software and realized that the feature set rolling out this week is more about creating convenience for users than letting users plan or brainstorm ideas with ChatGPT or search the web with Perplexity. One of my favorite features in the rollout is the ability to type and talk to Siri. This allows me to easily set timer",Yahoo,AAPL
156,2024-10-29 ,"Apple Shifts Production to India, Exports $6 Billion of iPhones in Six Months",https://finnhub.io/api/news?id=04ec623dc8b921824464194321faea605fdb0646fcaa50a0894cb0cc1339ca12,Apple's manufacturing push in India is part of its strategy to reduce reliance on China amid rising risks in that market,Yahoo,AAPL
157,2024-10-29 ,Google Looks More to What It Can Control,https://finnhub.io/api/news?id=90dc0c2b07585e03ffd04275f028c7672e8a478482af6db5ad7943a7cb625499,Google Looks More to What It Can Control,DowJones,AAPL
158,2024-10-29 ,Apple Unveils the Redesigned Mac Mini,https://finnhub.io/api/news?id=4c90ce8dd29876af00dd1139dff361684cd321d4513e71eb5de47b81eca4205a,"-- Apple overhauled the design of its Mac mini desktop computer for the first time in about 15 years, cutting the device's size to 5 inches across and adding speedier M4 chips. Bloomberg's Mark Gurman...",Finnhub,AAPL
159,2024-10-29 ,"Nvidia Stock Turns Higher. Why Alphabet, AMD Earnings Will Be Key.",https://finnhub.io/api/news?id=f031d0a87435124b52932aed2bba1759fc223fd9c0c883a6d8e86e3ab21d2aaf,"Nvidia Stock Turns Higher. Why Alphabet, AMD Earnings Will Be Key.",MarketWatch,AAPL
160,2024-10-29 ,Apple’s Prolonged AI Rollout Is a Problem for iPhone Upgrades,https://finnhub.io/api/news?id=a293e3ad59473957f9b733c56f70b5687138357809090328a06d652e2bac0d8c,"‘We believe a prolonged Apple Intelligence software release likely impacts typical iPhone sales seasonality this year,’ Citi analyst Atif Malik wrote.",Yahoo,AAPL
161,2024-10-29 ,SCD: An Excellent Choice For Investors Seeking Income Or Total Return,https://finnhub.io/api/news?id=7bf918a44e792b94c8fe2eddddf8ec07ab1fc959d0661ed0da31e43b7d11e1d9,"LMP Capital and Income Fund is trading at a 6.11% discount to NAV, offering an attractive entry. Learn more about the potential of SCD CEF in your portfolio.",SeekingAlpha,AAPL
162,2024-10-29 ,"Apple Set to Report Q4 Earnings: Buy, Sell or Hold the Stock?",https://finnhub.io/api/news?id=b611b6c35056ffb8034fdc6757ed6218fc97cc8a0b7ce319cbd1270ed874f57a,AAPL's fourth-quarter fiscal 2024 results are likely to reflect strong services growth despite unfavorable forex and sluggish Mac shipments.,Yahoo,AAPL
163,2024-10-29 ,"Apple Inc. (NASDAQ:AAPL) Launches Apple Intelligence AI Tools for iPhone, Enhancing User Experience with Advanced Features",https://finnhub.io/api/news?id=860653c7f114254b1fe6b6d88dbad227cdea82dfbbc119e8322f620c5b1a5298,"We recently compiled a list of the 10 AI News Investors Should Not Miss. In this article, we are going to take a look at where Apple Inc. (NASDAQ:AAPL) stands against the other AI stocks you should not miss. Tom Hainlin, national investment strategist at US Bank Asset Management Group, states that the two things […]",Yahoo,AAPL
164,2024-10-29 ,Is an earnings beat enough for Big Tech investors?,https://finnhub.io/api/news?id=92894094070808308346478f9471fb09607661f2bdf341b9199560ac10e1fbb8,"Alphabet (GOOG, GOOGL) will report earnings after the bell, kicking off Big Tech earnings with Microsoft (MSFT), Amazon (AMZN), Meta Platforms (META), and Apple (AAPL) to follow. Barclays head of US equity strategy Venu Krishna sits down with Seana Smith and Brad Smith on Morning Brief to discuss what investors need to see from Big Tech companies' quarterly results and the broader market impact. The strategist explains that he expects Big Tech companies’ earnings to moderate from their recent rapid growth. “Everybody keeps focusing nowadays on [the] broadening of earnings and how Big Tech moderating is not necessarily bad. That's the half-glass-full kind of situation.” “Historically, when Big Tech multiples have corrected, correlations have increased with the rest of the market. So, in other words, you're not immune outside.” He notes that the expectations for Big Tech have been set high, given their overperformance in recent quarters. Krishna says an earnings beat 5% to 6% above Wall Street estimates is “reasonable,” while “Anything less than that, I would be disappointed. Anything above that is phenomenal. They will be back in complete control compared to the rest of the market.” To watch more expert insights and analysis on the latest market action, check out more Morning Brief here. This post was written by Naomi Buchanan.",Yahoo,AAPL
165,2024-10-29 ,"Apple Fails to Meet Indonesian Investment Norms, iPhone 16 Barred",https://finnhub.io/api/news?id=520b9cc16ea98fea21c586b5ec5f68fb7fa0aa4308988848df3abb7653ac05e0,"Indonesia Enforces Local Content Law, Halting iPhone 16 Marketing and Sales",Yahoo,AAPL
166,2024-10-29 ,Market Chatter: Apple's iPhone Production in India Growing in Shift From China,https://finnhub.io/api/news?id=bb4689f11dec71252019280d85b9c056821ffb53e86f48c3a9b97ed9687cd11c,Market Chatter: Apple's iPhone Production in India Growing in Shift From China,Yahoo,AAPL
167,2024-10-29 ,"Apple announces new iMac, featuring M4 chip and Apple Intelligence",https://finnhub.io/api/news?id=8bcf6c7e7211d1c4a0febaaa313b21bfc762083fbb0d9ea4e2b8b0bc9e3d356f,"Apple (AAPL) announced the new iMac, featuring the M4 chip and Apple Intelligence, in its “stunning, ultra-thin design.” The company stated: “With M4, iMac is up to 1.7x faster for daily productivity, and up to 2.1x faster for demanding workflows like photo editing and gaming, compared to iMac with M1.1 With the Neural Engine in M4, iMac is the world’s best all-in-one for AI and is built for Apple Intelligence, the personal intelligence system that transforms how users work, communicate, and exp",Yahoo,AAPL
168,2024-10-29 ,Apple debuts its updated Mac mini — and a more powerful M4 Pro chip — amid the company's AI push,https://finnhub.io/api/news?id=174da99983ae315305155e2e07239c4927270cb05fa3342623f910c1c03d80ba,Apple is giving its Mac mini a big upgrade just ahead of the holiday shopping season.,Yahoo,AAPL
169,2024-10-29 ,"Apple’s all-new Mac mini is more mighty, more mini, and built for Apple Intelligence",https://finnhub.io/api/news?id=af1f1594b0f0d5f01746faae98ad7927bac06623357b1977f3c8f98c48757a4d,"CUPERTINO, Calif., October 29, 2024--Apple® today unveiled the all-new Mac mini® powered by the M4 and new M4 Pro chips, and redesigned around Apple silicon to pack an incredible amount of performance into an even smaller form of just 5 by 5 inches. With M4, Mac mini delivers up to 1.8x faster CPU performance and 2.2x faster GPU performance over the M1 model.1 With M4 Pro, it takes the advanced technologies in M4 and scales them up to tackle even more demanding workloads. For more convenient con",Yahoo,AAPL
170,2024-10-29 ,It's A Mega Earnings Week,https://finnhub.io/api/news?id=3f32cbd1d87233db1d7cc4f24ec3f3a4e5fee7515dae50a6b326ae79d05aba41,"Microsoft and Meta will report tomorrow after the close, followed by Apple and Amazon after the close on Thursday. Click to read.",SeekingAlpha,AAPL
171,2024-10-29 ,Alphabet kicks off Big Tech earnings: Key themes to watch,https://finnhub.io/api/news?id=41fe7ecebaa9c098b96e25890874e775ca1a8dca39a0d4b62d8d5984fcb2c9ac,"Alphabet (GOOG, GOOGL) will report quarterly results after the bell, kicking off Big Tech earnings with Microsoft (MSFT), Amazon (AMZN), Meta Platforms (META), and Apple (AAPL) coming later this week. Barclays head of US equity strategy Venu Krishna sits down with Seana Smith and Brad Smith on Morning Brief to discuss the setup going into Big Tech earnings as investors watch for signs of when artificial intelligence (AI) spending will pay off. “A lot rides on [Big Tech earnings], Krishna tells Yahoo Finance, saying, “If you think about Big Tech, which is a collection of six stocks, that's been the fulcrum for this market and holding it not just from earnings, from returns perspective as well.” The strategist says this earnings season is especially important for Big Tech players as “their earnings as a group is moderating from extremely high levels. So their comps are getting difficult… The earnings are moderating, but still are expected to settle in the 20s, which is extremely healthy.” The results come as the companies have invested billions into building AI infrastructure without a clear timeline for monetization. Krishna says the “biggest uncertainty, or at least caution, I have is what do you pay for those earnings when they're moderating and when they've entered a phase in which a significant amount of uncertainty around the timing of monetization of AI spend?” He notes “The historical experience in the last ten years when this Big Tech group has had a situation of high capital intensity in terms of spending and moderating earnings growth. Multiples have corrected reasonably strongly in those periods. That's the setup we have right now.” Krishna says, “We are quite optimistic, but I think a lot rides on Big Tech to at least create that base of stability, even as they are moderating so much of those profits.” He adds that companies like Alphabet “have tremendous horsepower in terms of their capability and the ability to execute on AI. Don't forget, when you talk about Google, they were at the forefront of the whole AI phenomenon well over a decade ago.” To watch more expert insights and analysis on the latest market action, check out more Morning Brief here. This post was written by Naomi Buchanan.",Yahoo,AAPL
172,2024-10-29 ,"Apple iPhone, Boeing share sale, VF Corp: 3 Stories In Focus",https://finnhub.io/api/news?id=f8ef856d6542e8c71a0e0360dd168fcad5e040ef2051b1252dcf4abf26698898,"Apple (AAPL) has reportedly exported $6 billion worth of iPhones from India, according to Bloomberg, as the tech giant seeks to expand its presence in the country and wane its reliance on China. Boeing (BA) has raised $21 billion in its expanded share sale. Originally, the aircraft manufacturer sought to make $19 billion through this sale in order to boost liquidity and avoid a credit rating downgrade. Vans and North Face parent company VF Corporation (VFC) continues to see its stock price soar since reporting a fiscal second quarter earnings beat on Monday. To watch more expert insights and analysis on the latest market action, check out more Morning Brief here. This post was written by Luke Carberry Mogan.",Yahoo,AAPL
173,2024-10-29 ,Mattel: A Solid IP Treasure Trove Acquisition Candidate Hiding In Plain Sight,https://finnhub.io/api/news?id=f6e59afb4a072a16a57059c81ce7d59840b36518dc28d26b8c87fda6c6ce0971,Mattel's solid margins and cost controls add value amid stagnant revenues. See why we recommend MAT stock as a low-risk buy at $19.,SeekingAlpha,AAPL
174,2024-10-29 ,Apple (NASDAQ:AAPL) Revamps the Mac Mini for the First Time in 15 Years,https://finnhub.io/api/news?id=6089d05f85ad81830d34f395e3742ed9fe185dbd1db3e9af18e3ab48ba73e529,Looking for stock market analysis and research with proves results? Zacks.com offers in-depth financial research with over 30years of proven results.,TipRanks,AAPL
175,2024-10-29 ,OpenAI Collaborates with Broadcom and TSMC for In-House AI Chip Development,https://finnhub.io/api/news?id=20478dc39e8b2ac932ea1a0bc2ab045a536f134679f6e014591153f75a2aab1b,Looking for stock market analysis and research with proves results? Zacks.com offers in-depth financial research with over 30years of proven results.,GuruFocus,AAPL
176,2024-10-29 ,"Apple's Refreshes Mac Mini: Smaller Form Factor, M4 Chip Power, and Carbon Neutral",https://finnhub.io/api/news?id=255b97b26657ee06d7e5fa3af6607dd32be68abc225c37e237e3460d003c69be,Looking for stock market analysis and research with proves results? Zacks.com offers in-depth financial research with over 30years of proven results.,Benzinga,AAPL
177,2024-10-29 ,AT&T: Don't Be The Latecomer To The Party,https://finnhub.io/api/news?id=5bf9e1db88648927b1bc140adee31061ccbe0d922918df492c3571a656937cc5,I review AT&T's latest Q3 earnings and argue why investors in the stock should remain patient and avoid being latecomers to its party.,SeekingAlpha,AAPL
178,2024-10-29 ,10 Information Technology Stocks Whale Activity In Today's Session,https://finnhub.io/api/news?id=8989c12b0ad864a2dc6e0b6895f274c5f005266d4cbf1999419590c642abb0f3,Looking for stock market analysis and research with proves results? Zacks.com offers in-depth financial research with over 30years of proven results.,Benzinga,AAPL
179,2024-10-29 ,Apple (NASDAQ:AAPL) Revamps Mac Mini in Two-Decade First,https://finnhub.io/api/news?id=59dc529a03b15e6e9f48fd055db2cec180299997c66d3efcfaee47aca21503d0,Looking for stock market analysis and research with proves results? Zacks.com offers in-depth financial research with over 30years of proven results.,TipRanks,AAPL
180,2024-10-29 ,3 Stocks Ready To Rally In Bullish IBD Screen; One Shows 400% Expected Growth,https://finnhub.io/api/news?id=7bab893d623d6eafafb926136d46776c9ee4138862d7cda484fbd43aa46027d9,Spotify stock is near a buy point and all-time highs while two other stocks are in buy zones. One makes the glass for Apple iPhones.,Yahoo,AAPL
181,2024-10-29 ,"Nasdaq 100 & S&P 500 Elliott Wave Update - Monday, Oct 29",https://finnhub.io/api/news?id=26ba4dcbad32ecfc1453b0085afd6e90c6dc9e3bf076dee28117105e35ee0d7d,Looking for stock market analysis and research with proves results? Zacks.com offers in-depth financial research with over 30years of proven results.,TalkMarkets,AAPL
182,2024-10-29 ,Apple (AAPL) Unveils Powerful and Eco-Friendly Mac Mini with M4 Chip,https://finnhub.io/api/news?id=0933e12b6318751d8d825c5bc4f29375538fccba6fe5def49d44c31ceadc36b6,Looking for stock market analysis and research with proves results? Zacks.com offers in-depth financial research with over 30years of proven results.,GuruFocus,AAPL
183,2024-10-29 ,3 Key Quarterly Reports To Watch This Week,https://finnhub.io/api/news?id=58b0692d5cb5bcfb7d9fdee8640e386200e37ed3f95854c721080edb896ad6a3,Looking for stock market analysis and research with proves results? Zacks.com offers in-depth financial research with over 30years of proven results.,TalkMarkets,AAPL
184,2024-10-29 ,"What to watch for in Apple earnings: iPhone 16, AI",https://finnhub.io/api/news?id=191eb7e4e0346f0e913f5decefe13bb3dd98a4c8f15ce8fd652de919f97f1bea,"Apple (AAPL) is set to report quarterly earnings on Thursday, October 31. IDC research director Ramon T. Llamas joins Seana Smith and Madison Mills on Catalysts to discuss what he’s watching for during the earnings report, including insights into the iPhone 16 reception and updates on the Apple Intelligence rollout. “We're still very much in the early innings of the iPhone 16,” Llamas tells Yahoo Finance. “There's a lot of things going on with the iPhone 16 that makes it really wonderful. I mean, one of the things is the camera, a lot of it is the interface. But you got to also realize that people are taking their time replacing their phones longer than they used to.” The lengthening upgrade cycle has contributed to concerns around demand. Llamas says he looks for three things when a company releases a new tech product: convenience, ease of use, and utility. “Number one is going to be convenience. Does it make my work, or does it make my life a lot easier than it used to be? Do I have to just do one click, or do I have to go through five clicks? So that really helps. Number two: is it just going to be very intuitive? Is this going to be something that I don't really have to think about? I can almost do it blindfolded. Is it going to be that easy? The third thing that I'm really looking for is how is this going to benefit people's lives?” As Apple’s artificial intelligence (AI) features come out, ""there's adoption, then there's usage, then there's sustained usage,"" Llamas notes, saying he'll use his three things framework to gauge where Apple is at in this journey. He says, “The single biggest thing” going into the report is the iPhone, and the second is Services. The iPhone “always accounts for about, you know, 67% to 70% of total revenue each time that you look at it,” while the Services sector “almost literally prints money.” To watch more expert insights and analysis on the latest market action, check out more Catalysts here. This post was written by Naomi Buchanan.",Yahoo,AAPL
185,2024-10-29 ,Apple Unveils Redesigned Mac Mini Featuring M4 Chips,https://finnhub.io/api/news?id=43ec6da6e3b2c02c6185760b46df830bc246c774737531899216118914d890a8,Looking for stock market analysis and research with proves results? Zacks.com offers in-depth financial research with over 30years of proven results.,GuruFocus,AAPL
186,2024-10-29 ,Alphabet Needs More Than Strong Results to Tame Wall of Worries,https://finnhub.io/api/news?id=6cf527ef0c09c1121fdea701093de23f86f09b7dcc4ac1600cdf6736eda99c38,"(Bloomberg) -- Alphabet Inc. shares have gone nowhere for months, trailing Magnificent Seven peers as investors struggle to price risks confronting the company. It’s a stretch to believe Tuesday’s results will blow away those concerns.Most Read from BloombergThere Will Soon Be No Meatpackers Left in NYC’s Historic Meatpacking DistrictInside NYC’s Playbook for Getting Federal Grant FundsThe Tartarian CandidateA Courtyard Apartment Building Designed for Southwest SprawlBooming Cambridge Exposes En",Yahoo,AAPL
187,2024-10-29 ,"McDonald’s, Ford, Pfizer report Q3 earnings beats: Morning Buzz",https://finnhub.io/api/news?id=4825005ad37c646407eb880a8a286454c606d72e76dce0c47b9b8a18c7bb5619,Looking for stock market analysis and research with proves results? Zacks.com offers in-depth financial research with over 30years of proven results.,TipRanks,AAPL
188,2024-10-29 ,"McDonald's, Ford, Pfizer report Q3 earnings beats: Morning Buzz",https://finnhub.io/api/news?id=17628ac88615babdaee4ab182faffe12c57bf49c971a562fb65bfe9a7aad841d,Looking for stock market analysis and research with proves results? Zacks.com offers in-depth financial research with over 30years of proven results.,Thefly.com,AAPL
189,2024-10-29 ,Apple (NASDAQ:AAPL) Revenue Set to Surge with Spike in Chinese iPhone Demand,https://finnhub.io/api/news?id=350b5109e74fdc4fb8a42b3b1a5b568809685b23d9923e63cc3c94ef37bf0246,Looking for stock market analysis and research with proves results? Zacks.com offers in-depth financial research with over 30years of proven results.,TipRanks,AAPL
190,2024-10-29 ,Apple: Earnings Stability Confronts iPhone Challenges,https://finnhub.io/api/news?id=ae3c8b1378b3ff8db4e1e522efdd056cf5f38591beca617274db25b351ac3bd8,Apple's strategic pricing power and financial strength provide a buffer against market uncertainties. Read why I remain neutral on AAPL stock.,SeekingAlpha,AAPL
191,2024-10-29 ,Trump Goes After Taiwan Semiconductor On Joe Rogan Podcast,https://finnhub.io/api/news?id=623106c930f658948379298cc0290c70d0920375576ffaf23650535fa0ecdcc1,Looking for stock market analysis and research with proves results? Zacks.com offers in-depth financial research with over 30years of proven results.,Benzinga,AAPL
192,2024-10-29 ,"Apple Intelligence Isn’t So Smart, Brace for an AI Backlash This Earnings Season. And 5 Other Things to Know Today.",https://finnhub.io/api/news?id=9e964731ee954c014d301a158755f3cc97de7a812992315344f31452a7947fbd,"Boeing sets stock sale at $21 billion to shore up books, Ford guides full-year profit to the lower end of range, and more news to start your day.",Yahoo,AAPL
193,2024-10-29 ,"Apple (AAPL) Faces Lower iPhone Sales as AI Features Delay, Long-Term Growth Expected",https://finnhub.io/api/news?id=a6e1b8675fdc0e2ec8c70e8e15cbe7d111d58407447e9624a666b13dbe754c1b,Looking for stock market analysis and research with proves results? Zacks.com offers in-depth financial research with over 30years of proven results.,GuruFocus,AAPL
194,2024-10-29 ,"Apple unveils new Mac mini, with focus on Apple Intelligence",https://finnhub.io/api/news?id=21ede2aaf1f1a25b8a3f5afbc77ed64bfe052599b376d6f9495070cae6a9340e,Looking for stock market analysis and research with proves results? Zacks.com offers in-depth financial research with over 30years of proven results.,Seeking Alpha,AAPL
195,2024-10-29 ,Apple set for biggest revenue jump in two years on iPhone demand in China,https://finnhub.io/api/news?id=ae917555013ea17e2965f2b7d8e61dfce9278c25849ec1bebff2b8e509c0b141,"Apple is expected to report its biggest quarterly revenue jump in two years on Thursday, with iPhone demand faring better than recent years toward the end of the company's annual release cycle, especially in China.  The results will provide investors the first hints of demand for the latest iPhone 16 series, which was released a few days before the end of the company's fiscal fourth quarter.  But the focus will be on executive commentary for its fiscal first quarter amid fears that releasing its Apple Intelligence features at a slow pace could dampen a much-awaited AI-led ""super-cycle"" for Apple's biggest seller.",Yahoo,AAPL
196,2024-10-29 ,Apple unveils Mac mini built for Apple Intelligence,https://finnhub.io/api/news?id=729f626194abc19863c120b2fdbc42d8db4c4f94d448729649746d9feb4b050c,Looking for stock market analysis and research with proves results? Zacks.com offers in-depth financial research with over 30years of proven results.,Thefly.com,AAPL
197,2024-10-29 ,Warren Buffett Sold $80 Billion of Apple Stock. Here's Where He Invested Most of the Money.,https://finnhub.io/api/news?id=9cff167550fc91453a4694764d6afd03c111bfcd4b578930719372df0230f1ea,Buffett's favorite investment these days isn't Apple -- or any other stock.,Yahoo,AAPL
198,2024-10-29 ,Apple earnings are coming this week. Here's what to expect,https://finnhub.io/api/news?id=3f909bf687ecdef883e1ddbac6b2ba40c6d12615fd29341b695e09b8124c1f90,"Apple’s (AAPL) fourth-quarter report Thursday will be the first glimpse into sales since Apple unveiled its latest slate of iPhones and new artificial intelligence features, known as Apple Intelligence, at its annual event in early September — and Wall Street is expecting a strong quarter of yearly growth.",Yahoo,AAPL
199,2024-10-29 ,"Comparing PayPal, Venmo, Zelle and Cash App, by the numbers",https://finnhub.io/api/news?id=0a27ec80413db36070f9ef76df8fe46c7386a2e9a0f8adf47cbcacb0225be320,"Peer-to-peer payments are changing the retail landscape, with major names such as Starbucks and Walmart embracing the convenient and flexible payment option. According to a recent report by PYMNTS intelligence, 51% of consumers use P2P payments in the U.S.",Yahoo,AAPL
200,2024-10-29 ,"Apple using Indian factory to manufacture iPhone 17 base model, Information says",https://finnhub.io/api/news?id=a9ab5027be9acff67251be3ab26361edf35688f3635499e99311feecbf9c81f8,Looking for stock market analysis and research with proves results? Zacks.com offers in-depth financial research with over 30years of proven results.,TipRanks,AAPL
201,2024-10-29 ,Apple (AAPL) to Begin Initial Manufacturing of iPhone 17 at Indian Facility,https://finnhub.io/api/news?id=a09d7107d4c72f05766969f32e24f752019dd176e45f859f97cbbc2b99f70284,Looking for stock market analysis and research with proves results? Zacks.com offers in-depth financial research with over 30years of proven results.,GuruFocus,AAPL
202,2024-10-29 ,Bring On Big Tech Earnings,https://finnhub.io/api/news?id=9327f2cfff7fcaec28f2223801597feea621ab3b21ad6c0bd8b4416188a076da,Looking for stock market analysis and research with proves results? Zacks.com offers in-depth financial research with over 30years of proven results.,TalkMarkets,AAPL
203,2024-10-29 ,Why Oct. 31 Could Be a Big Day for the Stock Market,https://finnhub.io/api/news?id=9ee54a6ce38e7d1aa14c9d2e5d1564c715f2cdc77dccfdad62e527038ee8e7f8,Halloween may be a tricky day or a treat for investors.,Yahoo,AAPL
204,2024-10-29 ,Apple (AAPL) Earnings Preview: Strong Growth Anticipated Amid iPhone and AI Updates,https://finnhub.io/api/news?id=f84a22068d83df53415576c243fe75eb23c8a1da08315a16d39761c60c439d9c,Looking for stock market analysis and research with proves results? Zacks.com offers in-depth financial research with over 30years of proven results.,GuruFocus,AAPL
205,2024-10-29 ,Meta Is Up. Alphabet Is Down. What It Means for Big Tech Earnings.,https://finnhub.io/api/news?id=022e7898615ca9079ab30754c5b0165b9fb022060dc593e3e4e5ec1e0525ba34,Meta Is Up. Alphabet Is Down. What It Means for Big Tech Earnings.,MarketWatch,AAPL
206,2024-10-29 ,"Apple (AAPL) Launches AI Features with iOS Update, Impact on App Ecosystem Under Scrutiny",https://finnhub.io/api/news?id=02d03941e678f25daf1ed3d72a74101b51c26222815426c4dd69481ed072e3f5,Looking for stock market analysis and research with proves results? Zacks.com offers in-depth financial research with over 30years of proven results.,GuruFocus,AAPL
207,2024-10-29 ,Amkor Technology price target lowered to $36 from $40 at DA Davidson,https://finnhub.io/api/news?id=107686dcb15ae631a39c1ee5ee949ff457902530d7f54b4ef552445b3b51c341,Looking for stock market analysis and research with proves results? Zacks.com offers in-depth financial research with over 30years of proven results.,TipRanks,AAPL
208,2024-10-29 ,"Amkor Technology price target lowered by $4 at DA Davidson, here's why",https://finnhub.io/api/news?id=46edcedae3921354651efbdafe86254e01684155a38924a358984f315bd9555a,Looking for stock market analysis and research with proves results? Zacks.com offers in-depth financial research with over 30years of proven results.,Thefly.com,AAPL
209,2024-10-29 ,"Apple guidance at risk from lower iPhone builds, says Barclays",https://finnhub.io/api/news?id=30b3cdf54c2b8a43a34dc2c1f32e23d4a76226d29ff4d9fe5bd55b22ce187416,Looking for stock market analysis and research with proves results? Zacks.com offers in-depth financial research with over 30years of proven results.,TipRanks,AAPL
210,2024-10-29 ,How the US Election Impacts Global Financial Markets and Stocks,https://finnhub.io/api/news?id=026644ff1adda18448853976ffaf3de5df34ceec34af6d32500edbbf6e4cbd1e,Looking for stock market analysis and research with proves results? Zacks.com offers in-depth financial research with over 30years of proven results.,GuruFocus,AAPL
211,2024-10-29 ,"Analysts Are Bullish on Top Technology Stocks: Apple (AAPL), ON Semiconductor (ON)",https://finnhub.io/api/news?id=bd804ba4aa0e7330dd9aa9208e42688cb4ff3db1e9bc60554fa0e7ab9066e32f,Looking for stock market analysis and research with proves results? Zacks.com offers in-depth financial research with over 30years of proven results.,TipRanks,AAPL
212,2024-10-29 ,"US Stocks Likely To Open Weaker As Investors Eye Alphabet, AMD And Pfizer Earnings: Expert Says Won't Be 'Surprised' If Earnings Exceed Wall Street Expectations",https://finnhub.io/api/news?id=2c8c9181fb2042d0f50e46d65e2f6d59be0596d7d8e74a614c522a7cbf6f9b58,Looking for stock market analysis and research with proves results? Zacks.com offers in-depth financial research with over 30years of proven results.,Benzinga,AAPL
213,2024-10-29 ,"Apple exports $6B of India-made iPhones, advancing push beyond China - report",https://finnhub.io/api/news?id=d8e17908ead7ba682e692cd3da11c23907e55dd6ca999b08061c920ad462aa97,Looking for stock market analysis and research with proves results? Zacks.com offers in-depth financial research with over 30years of proven results.,Seeking Alpha,AAPL
214,2024-10-29 ,Big Tech Has a Lot to Prove This Week. Why Mag 7 Earnings Will Matter for the Entire Stock Market.,https://finnhub.io/api/news?id=c1eb012cae7edf334a2db5222c9c0c659a5f0d4d1aab555d49432e4cfd0ec015,"‘Expectations are high. These names carry significant weight across the broader market,’ Ido Caspi, research analyst at Global X ETFs, told Barron’s.",Yahoo,AAPL
215,2024-10-29 ,Parnassus Growth Equity Fund Q3 2024 Commentary,https://finnhub.io/api/news?id=07dd43ad3ee2b64285efc1c6dff50fe331562cb5d99abe04c5bc4b69827a221d,"Parnassus Growth Equity Fund (I) returned 3.29% (net) for the quarter, outperforming the Russell 1000 Growth Indexâs 3.19%. Click here to read the full fund letter. ",SeekingAlpha,AAPL
216,2024-10-29 ,Amkor Technology price target lowered to $26 from $35 at Morgan Stanley,https://finnhub.io/api/news?id=3139da859e4189895b966a1ef701ae097dbc2554b3a5ef4b432897db7e7d6310,Looking for stock market analysis and research with proves results? Zacks.com offers in-depth financial research with over 30years of proven results.,TipRanks,AAPL
217,2024-10-29 ,Piper Sandler Sticks to Their Hold Rating for Apple (AAPL),https://finnhub.io/api/news?id=2d70b595f09a9eea79f74b37f6f07d33f7bb1bba7085fbe60fe72965ca6a9365,Looking for stock market analysis and research with proves results? Zacks.com offers in-depth financial research with over 30years of proven results.,TipRanks,AAPL
218,2024-10-29 ,Parnassus Core Equity Fund Q3 2024 Commentary,https://finnhub.io/api/news?id=36923e6f0fbf9d393f3ca48f49df01b65d5d567a7a3e71bf79b2e16fcc600734,"Parnassus Core Equity Fund (I) returned 5.50% (net) for the quarter, slightly underperforming the S&P 500 Indexâs 5.89%. Click here to read the full fund letter. ",SeekingAlpha,AAPL
219,2024-10-29 ,"Apple Intelligence software release to impact iPhone sales, says Citi",https://finnhub.io/api/news?id=11b924422be06efc4240a217e2937d6af3bc3f31f6f5b7c161073743a758e7a1,Looking for stock market analysis and research with proves results? Zacks.com offers in-depth financial research with over 30years of proven results.,TipRanks,AAPL
220,2024-10-29 ,"Apple banned from selling iPhone 16 models in Indonesia, Bloomberg reports",https://finnhub.io/api/news?id=13a9768a4f1e239657c7daa72a005104cb8e59d00597583f5c7c9e28dd6485dd,Looking for stock market analysis and research with proves results? Zacks.com offers in-depth financial research with over 30years of proven results.,TipRanks,AAPL
